District_Key,Predicted_Count
Tondo,12.945620457364917
Santa Cruz,3.8813207579086098
Intramuros,2.862443994077728
Sampaloc,2.7162170174528066
San Andres,1.9459309020687
Paco,1.797091807683593
Binondo,1.3315461437077576
Santa Ana,1.3233570708600573
Quiapo,1.1224640656331177
Malate,1.11961730870563
Ermita,1.0419166859846885
Pandacan,1.023774337274831
Port Area,0.986936780576375
San Miguel,0.940544034511452
Santa Mesa,0.9277300432042641
